{
    "L_axis": 0.15614457737683893,
    "L_curv": -0.0,
    "L_harm": 0.001631665595831252,
    "L_sym": -0.0,
    "L_tomo": 1.853871964321762,
    "L_sel": 18.327902142064282,
    "L_bayes": 10.0,
    "L_tot": 30.339550349358714,
    "p_eff": 4.575616850000012e-31
}