{
  "ra_deg": 71.056297306,
  "dec_deg": 45.028158817
}
